[
  {
    "icon": "fa fa-home",
    "slug": "external",
    "title": "Volver al inicio",
    "path": "index.html"
  },  
  { 
    "id": 1,
    "icon": "fa fa-play-circle",
    "slug": "medicion",
    "title": "1. Medición y su importancia en el contact center",
    "breadcrumb": ["Inicio","medicion"],
    "path": "pages/tema-1.html",    
    "submenu": [
      {
        "icon": "fa fa-file-text",
        "slug": "medicion",
        "title": "1.1 Concepto de medición",
        "anchor": "tema1_1"
      },
      {
        "icon": "fa fa-file-text",
        "slug": "medicion",
        "title": "1.2 Importancia de la medición en el contact center",
        "anchor": "tema1_2"
      }
    ]
  },
  {
    "id": 2,
    "icon": "fa fa-play-circle",
    "slug": "indicadores",
    "title": "2. Indicadores",
    "breadcrumb": ["Inicio","medicion"],
    "path": "pages/tema-2.html",
    "submenu": [
      {
        "icon": "fa fa-file-text",
        "slug": "indicadores",
        "title": "2.1 Concepto y tipos de indicadores",
        "anchor": "tema2_1"
      },
      {
        "icon": "fa fa-file-text",
        "slug": "indicadores",
        "title": "2.2 Indicadores de tiempo",
        "anchor": "tema2_2"
      }
    ]
  },
  {
    "id": 3,
    "icon": "fa fa-play-circle",
    "slug": "productividad",
    "title": "3. Productividad",
    "breadcrumb": ["Inicio","productividad"],
    "path": "pages/tema-3.html",
    "submenu": [
      {
        "icon": "fa fa-file-text",
        "slug": "productividad",
        "title": "3.1 Concepto productividad",
        "anchor": "tema3_1"
      },
      {
        "icon": "fa fa-file-text",
        "slug": "productividad",
        "title": "3.2 Escucha de grabaciones para mejorar la productividad",
        "anchor": "tema3_2"
      },
      {
        "icon": "fa fa-file-text",
        "slug": "productividad",
        "title": "3.3 Rotación de agentes",
        "anchor": "tema3_3"
      }
    ]
  },
  {
    "id": 4,
    "icon": "fa fa-play-circle",
    "slug": "manejo_informacion",
    "title": "4. Manejo de la información",
    "breadcrumb": ["Inicio","Manejo de la información"],
    "path": "pages/tema-4.html",
    "submenu": [
      {
        "icon": "fa fa-file-text",
        "slug": "manejo_informacion",
        "title": "4.1 Confidencialidad de la información",
        "anchor": "tema4_1"
      },
      {
        "icon": "fa fa-file-text",
        "slug": "manejo_informacion",
        "title": "4.2 Resolución 3066 de 18 de mayo de 2011. Artículo 53",
        "anchor": "tema4_2"
      }      
    ]
  } 
]